Class,global_iou,global_dice,global_pixel_acc,total_gt_pixels,total_pred_pixels,pixel_diff,pixel_diff_ratio,mean_iou_per_image,std_iou_per_image,mean_dice_per_image,std_dice_per_image,mean_pixel_acc_per_image,num_images
finger-1,0.8808872507113679,0.9366720417486043,0.999754798412323,1295935,1302475,6540,0.005046549402554873,0.8795190108011726,0.02844411042296577,0.9356489063576598,0.016466766937129864,0.999754798412323,160
finger-2,0.921263682016092,0.9590184737675957,0.9996696397662163,2667248,2742531,75283,0.028224971956113464,0.9207751534793509,0.013077372919172211,0.9587054704721247,0.007085784508853664,0.9996696397662163,160
finger-3,0.9365590630367666,0.9672403810582726,0.9995721995830535,4359424,4404170,44746,0.010264200041106324,0.93618985720164,0.009860540495216938,0.9670166060568086,0.005270606909398883,0.9995721995830535,160
finger-4,0.8571376679573046,0.9230739139549994,0.9998124614357948,809390,826661,17271,0.021338291799997265,0.855723300285376,0.02859751473681189,0.9219957825496587,0.016701286874974405,0.9998124614357948,160
finger-5,0.9031407309152668,0.949105566650265,0.9997584387660027,1583050,1602151,19101,0.012065948643441382,0.9026283370764598,0.01767826704644462,0.9487314788038571,0.00980237268367109,0.9997584387660027,160
finger-6,0.9357701182752804,0.9668194683251198,0.9996514230966568,3483346,3566752,83406,0.023944219150207807,0.9353566517701172,0.009894875560783589,0.9665717117240685,0.005286875821346512,0.9996514230966568,160
finger-7,0.9379347622527809,0.9679735154370882,0.9994528204202652,5725471,5740227,14756,0.0025772552162084085,0.9375131853973413,0.012006476666368308,0.9677090200168017,0.0064457894989260085,0.9994528204202652,160
finger-8,0.8663498356528412,0.9283895431638578,0.9997957527637482,936205,977873,41668,0.04450734614747791,0.8652680906871865,0.035168184894755025,0.927363381203131,0.021504596371762323,0.9997957527637482,160
finger-9,0.9153322920626822,0.9557947682038314,0.9997335195541381,2001176,2044318,43142,0.021558323705660964,0.9148825308369372,0.014551248257967487,0.9554891633476567,0.007941519211650762,0.9997335195541381,160
finger-10,0.9384221542640502,0.9682330055914322,0.9996303111314774,3884589,3925215,40626,0.010458249251079046,0.9380114229574599,0.008402358354337084,0.9679949480286296,0.004472524397393214,0.9996303111314774,160
finger-11,0.9247274301970964,0.9608918288262793,0.9993861317634583,5216566,5317294,100728,0.019309254402225487,0.9244737525559664,0.015540040818184862,0.9606865127916968,0.008464377464876877,0.9993861317634583,160
finger-12,0.8651031711022804,0.927673261732757,0.9997949376702309,929016,973669,44653,0.048064834190153366,0.8631962022965416,0.02559114324499944,0.9263701316077115,0.014973501612046866,0.9997949376702309,160
finger-13,0.910437284591831,0.9531192590667513,0.9997505486011505,1774205,1796643,22438,0.01264679109798466,0.9096944571302927,0.016467618543515684,0.9526339654146456,0.009055363357217138,0.9997505486011505,160
finger-14,0.9305847614914079,0.9640444491776845,0.9996463283896446,3284232,3316835,32603,0.009927130604658838,0.9299816856561465,0.010463266444876235,0.9636902857471823,0.005616829077850497,0.9996463283896446,160
finger-15,0.9218691103743069,0.9593464043914643,0.99952712059021,3876595,3929455,52860,0.013635677701694365,0.9214547172243668,0.013874762901048344,0.9590669516151078,0.0076208338388145955,0.99952712059021,160
finger-16,0.8225492640872843,0.9026359729147945,0.9998070135712623,646570,683603,37033,0.05727608766258785,0.8197780158427058,0.03900201513292013,0.9004513779427435,0.023971824768946236,0.9998070135712623,160
finger-17,0.8652101285112738,0.9277347525469909,0.9997738301753998,1033820,1066498,32678,0.031608984155848875,0.8630462771697924,0.03094039985249343,0.9261879579472051,0.018158098055606565,0.9997738301753998,160
finger-18,0.9218653946766034,0.9593443924117565,0.9997151479125023,2321348,2380611,59263,0.025529562995294006,0.9212174195272382,0.013048925608273407,0.958945101207543,0.0071127705342606375,0.9997151479125023,160
finger-19,0.9346152588694412,0.966202716105543,0.9995976880192756,3972726,4015697,42971,0.010816502321076232,0.9344345557550398,0.01080118368869196,0.96607385260698,0.005783525881947925,0.9995976880192756,160
Trapezium,0.8418512850782641,0.914136002074122,0.9995923697948456,1536515,1649407,112892,0.07347276141137526,0.8421044075695889,0.04212489133553463,0.9137043441562854,0.025416833038318987,0.9995923697948456,160
Trapezoid,0.7929407059293998,0.8845141429463683,0.9996605694293976,937323,1035109,97786,0.1043247631819543,0.7943807742636111,0.05809494266011551,0.8842110973341633,0.03705757458146275,0.9996605694293976,160
Capitate,0.8877642110801905,0.9405456527562902,0.9995423048734665,2528920,2637296,108376,0.04285465732407493,0.8879563618140918,0.02814169780908795,0.9404157843072707,0.015949616902101022,0.9995423048734665,160
Hamate,0.8656891284075116,0.9280100475757548,0.9996115446090699,1822214,1798958,-23256,-0.012762496611265127,0.8655559586938342,0.038868146686499204,0.9274589895890827,0.022787834955170692,0.9996115446090699,160
Scaphoid,0.891525275711011,0.942652247008323,0.9997001543641091,1728728,1780093,51365,0.029712597933277938,0.8915429410900373,0.0269443889661523,0.9424431237077616,0.015380306885375002,0.9997001543641091,160
Lunate,0.8718382883416367,0.931531632589956,0.9997162282466888,1381905,1399467,17562,0.012708543640843527,0.8730735678545966,0.03193013118487502,0.9319230125026923,0.018381199744005296,0.9997162282466888,160
Triquetrum,0.8471146359708651,0.9172301702060974,0.9997015461325646,1177448,1242383,64935,0.05514893226707205,0.8475636934075041,0.046376945714369844,0.9167657101347213,0.02907179181655773,0.9997015461325646,160
Pisiform,0.769151003928432,0.869514249739585,0.9997067466378212,725607,782596,56989,0.07853976050396318,0.7721292408375103,0.09151645145848304,0.8681951470883081,0.06252179706280032,0.9997067466378212,160
Radius,0.9639744122019906,0.9816567937065851,0.9993253111839294,12293504,12390076,96572,0.007855530855970757,0.963685705254916,0.00719255287520795,0.9814933232849612,0.0037542791777652653,0.9993253111839294,160
Ulna,0.950418809857267,0.9745792083771171,0.9995068669319153,6476195,6542125,65930,0.01018036053577755,0.9497653526081559,0.00998798196416135,0.9742085682818569,0.005265672525390928,0.9995068669319153,160
